timestamp,person_count
2025-05-27T14:34:06.128384+08:00,0
2025-05-27T14:34:08.240065+08:00,1
2025-05-27T14:34:09.266031+08:00,2
2025-05-27T14:34:10.269194+08:00,2
2025-05-27T14:34:11.281315+08:00,2
2025-05-27T14:34:12.350991+08:00,2
2025-05-27T14:34:13.362351+08:00,2
2025-05-27T14:34:14.367194+08:00,2
2025-05-27T14:34:15.401191+08:00,1
2025-05-27T14:34:16.491417+08:00,2
2025-05-27T14:34:17.527133+08:00,2
2025-05-27T14:34:18.545670+08:00,2
2025-05-27T14:34:19.565010+08:00,2
2025-05-27T14:34:20.584761+08:00,4
2025-05-27T14:34:21.607899+08:00,2
2025-05-27T14:34:22.638230+08:00,2
2025-05-27T14:34:23.679770+08:00,1
2025-05-27T14:34:24.682833+08:00,2
2025-05-27T14:34:25.746470+08:00,2
2025-05-27T14:34:26.787733+08:00,1
2025-05-27T14:34:27.834690+08:00,2
2025-05-27T14:34:28.847597+08:00,2
2025-05-27T14:34:29.858789+08:00,1
2025-05-27T14:34:30.921380+08:00,1
2025-05-27T14:34:31.979304+08:00,2
2025-05-27T14:34:33.029207+08:00,2
2025-05-27T14:34:34.115327+08:00,2
2025-05-27T14:34:35.175786+08:00,2
2025-05-27T14:34:36.185395+08:00,2
2025-05-27T14:34:37.232473+08:00,2
2025-05-27T14:34:38.264501+08:00,2
2025-05-27T14:34:39.291102+08:00,2
2025-05-27T14:34:40.293079+08:00,2
2025-05-27T14:34:41.317273+08:00,2
2025-05-27T14:34:42.355447+08:00,2
2025-05-27T14:34:43.387945+08:00,2
2025-05-27T14:34:44.397498+08:00,3
2025-05-27T14:34:45.427164+08:00,2
2025-05-27T14:34:46.433931+08:00,2
2025-05-27T14:34:47.437023+08:00,2
2025-05-27T14:34:48.476802+08:00,4
2025-05-27T14:34:49.519049+08:00,3
2025-05-27T14:34:50.562475+08:00,1
2025-05-27T14:36:19.016450+08:00,0
2025-05-27T14:36:20.031179+08:00,1
2025-05-27T14:36:21.035478+08:00,1
2025-05-27T14:36:22.036293+08:00,2
2025-05-27T14:36:23.064803+08:00,2
2025-05-27T14:36:24.074617+08:00,2
2025-05-27T14:36:25.130535+08:00,2
2025-05-27T14:36:26.167943+08:00,1
2025-05-27T14:36:27.177009+08:00,2
2025-05-27T14:36:28.231956+08:00,2
2025-05-27T14:36:29.248195+08:00,3
2025-05-27T14:36:30.287022+08:00,2
2025-05-27T14:36:31.324830+08:00,3
2025-05-27T14:36:32.330415+08:00,2
2025-05-27T14:36:33.374667+08:00,1
2025-05-27T14:36:34.401336+08:00,1
2025-05-27T14:36:35.438251+08:00,1
2025-05-27T14:36:36.478459+08:00,1
2025-05-27T14:36:37.500231+08:00,1
2025-05-27T14:36:38.507816+08:00,1
2025-05-27T14:36:39.519914+08:00,1
2025-05-27T14:36:40.533575+08:00,1
2025-05-27T14:36:41.557287+08:00,1
2025-05-27T14:36:42.563294+08:00,2
2025-05-27T14:36:43.578159+08:00,1
2025-05-27T14:36:44.634384+08:00,1
2025-05-27T14:36:45.666737+08:00,2
2025-05-27T14:36:46.690472+08:00,1
2025-05-27T14:36:47.735157+08:00,1
2025-05-27T14:36:48.795798+08:00,1
2025-05-27T14:36:49.838919+08:00,1
2025-05-27T14:36:50.849544+08:00,2
2025-05-27T14:36:51.874922+08:00,1
2025-05-27T14:36:52.906925+08:00,2
2025-05-27T14:36:53.964504+08:00,1
2025-05-27T14:36:55.009621+08:00,2
2025-05-27T14:36:56.020418+08:00,3
2025-05-27T14:36:57.034187+08:00,4
2025-05-27T14:36:58.081466+08:00,5
2025-05-27T14:36:59.114599+08:00,3
2025-05-27T14:37:00.143802+08:00,3
2025-05-27T14:37:01.182370+08:00,3
2025-05-27T14:37:02.200927+08:00,2
2025-05-27T14:37:03.211051+08:00,2
2025-05-27T14:37:04.240294+08:00,2
2025-05-27T14:37:05.285535+08:00,2
2025-05-27T14:37:06.295511+08:00,2
2025-05-27T14:37:07.304732+08:00,3
2025-05-27T14:37:08.342334+08:00,3
2025-05-27T14:37:09.391952+08:00,3
2025-05-27T14:37:10.418967+08:00,3
2025-05-27T14:37:11.439811+08:00,3
2025-05-27T14:37:12.480168+08:00,2
2025-05-27T14:37:13.516403+08:00,2
2025-05-27T14:37:14.560433+08:00,2
2025-05-27T14:37:15.597649+08:00,1
2025-05-27T14:37:16.647736+08:00,2
2025-05-27T14:37:17.658020+08:00,2
2025-05-27T14:37:18.705654+08:00,2
2025-05-27T14:37:19.713885+08:00,2
2025-05-27T14:37:20.758448+08:00,2
2025-05-27T14:37:21.782469+08:00,3
2025-05-27T14:37:22.793609+08:00,2
2025-05-27T14:37:23.793912+08:00,3
2025-05-27T14:37:24.839099+08:00,3
2025-05-27T14:37:25.877184+08:00,2
2025-05-27T14:37:26.880070+08:00,2
2025-05-27T14:37:27.924069+08:00,1
2025-05-27T14:37:28.977420+08:00,2
2025-05-27T14:37:30.002429+08:00,2
2025-05-27T14:37:31.056545+08:00,1
2025-05-27T14:37:32.107902+08:00,1
2025-05-27T14:37:33.127747+08:00,2
2025-05-27T14:37:34.146221+08:00,3
2025-05-27T14:37:35.159318+08:00,2
2025-05-27T14:37:36.160459+08:00,2
2025-05-27T14:37:37.201517+08:00,3
2025-05-27T14:37:38.208649+08:00,3
2025-05-27T14:37:39.229348+08:00,3
2025-05-27T14:37:40.256837+08:00,3
2025-05-27T14:37:41.277752+08:00,3
2025-05-27T14:37:42.308326+08:00,3
2025-05-27T14:37:43.347282+08:00,3
2025-05-27T14:37:44.386527+08:00,3
2025-05-27T14:37:45.413172+08:00,2
2025-05-27T14:37:46.441347+08:00,2
2025-05-27T14:37:47.447085+08:00,2
2025-05-27T14:37:48.472908+08:00,2
2025-05-27T14:37:49.502329+08:00,2
2025-05-27T14:37:50.507039+08:00,2
2025-05-27T14:37:51.520803+08:00,2
2025-05-27T14:37:52.560020+08:00,2
2025-05-27T14:37:53.614956+08:00,2
2025-05-27T14:37:54.661106+08:00,2
2025-05-27T14:37:55.695034+08:00,2
2025-05-27T14:37:56.714239+08:00,2
2025-05-27T14:37:57.722075+08:00,2
2025-05-27T14:37:58.751945+08:00,2
2025-05-27T14:37:59.800887+08:00,2
2025-05-27T14:38:00.828025+08:00,2
2025-05-27T14:38:01.874751+08:00,2
2025-05-27T14:38:02.922399+08:00,3
2025-05-27T14:38:03.958513+08:00,2
2025-05-27T14:38:04.981398+08:00,2
2025-05-27T14:38:06.019207+08:00,2
2025-05-27T14:38:07.049684+08:00,2
2025-05-27T14:38:08.100346+08:00,2
2025-05-27T14:38:09.116682+08:00,2
2025-05-27T14:38:10.116918+08:00,2
2025-05-27T14:38:11.159094+08:00,2
2025-05-27T14:38:12.176883+08:00,2
2025-05-27T14:38:13.186086+08:00,2
2025-05-27T14:38:14.202601+08:00,2
2025-05-27T14:38:15.253682+08:00,1
2025-05-27T14:38:16.276737+08:00,1
2025-05-27T14:38:17.296329+08:00,2
2025-05-27T14:38:18.332130+08:00,3
2025-05-27T14:38:19.358433+08:00,2
2025-05-27T14:38:20.367924+08:00,1
2025-05-27T14:46:05.205556+08:00,0
2025-05-27T14:46:06.209286+08:00,4
2025-05-27T14:46:07.216314+08:00,1
2025-05-27T14:46:08.286541+08:00,1
2025-05-27T14:46:09.315058+08:00,2
2025-05-27T14:46:10.344680+08:00,2
2025-05-27T14:46:11.408703+08:00,1
2025-05-27T14:46:12.435564+08:00,1
2025-05-27T14:46:13.494391+08:00,1
2025-05-27T14:46:14.543092+08:00,1
2025-05-27T14:46:15.552788+08:00,2
2025-05-27T14:46:16.585934+08:00,3
2025-05-27T14:46:17.589723+08:00,3
2025-05-27T14:46:18.614528+08:00,4
2025-05-27T14:46:19.657028+08:00,3
2025-05-27T14:46:20.714278+08:00,5
2025-05-27T14:46:21.749202+08:00,4
2025-05-27T14:46:22.754312+08:00,3
2025-05-27T14:46:23.760913+08:00,5
2025-05-27T14:46:24.793730+08:00,4
2025-05-27T14:46:25.835819+08:00,2
2025-05-27T14:46:26.856517+08:00,3
2025-05-27T14:46:27.883109+08:00,3
2025-05-27T14:46:28.887629+08:00,3
2025-05-27T14:46:29.936213+08:00,3
2025-05-27T14:46:30.958305+08:00,4
2025-05-27T14:46:32.002626+08:00,4
2025-05-27T14:46:33.043637+08:00,4
2025-05-27T14:46:34.096109+08:00,4
2025-05-27T14:46:35.116196+08:00,4
2025-05-27T14:46:36.133096+08:00,4
2025-05-27T14:46:37.141612+08:00,2
2025-05-27T14:46:38.181465+08:00,4
2025-05-27T14:46:39.201581+08:00,4
2025-05-27T14:46:40.232910+08:00,4
2025-05-27T14:46:41.261785+08:00,4
2025-05-27T14:46:42.264224+08:00,4
2025-05-27T14:46:43.272859+08:00,4
2025-05-27T14:46:44.287176+08:00,3
2025-05-27T14:46:45.315477+08:00,4
2025-05-27T14:46:46.358303+08:00,4
2025-05-27T14:46:47.370926+08:00,2
2025-05-27T14:46:48.396406+08:00,2
2025-05-27T14:46:49.397590+08:00,1
2025-05-27T14:46:50.403987+08:00,2
2025-05-27T14:46:51.420442+08:00,2
2025-05-27T14:46:52.446144+08:00,1
2025-05-27T14:46:53.461832+08:00,1
2025-05-27T14:46:54.489815+08:00,1
2025-05-27T14:46:55.516031+08:00,1
2025-05-27T14:46:56.533570+08:00,0
2025-05-27T14:46:57.559132+08:00,1
2025-05-27T14:46:58.597799+08:00,0
2025-05-27T14:46:59.625717+08:00,0
2025-05-27T14:47:00.656164+08:00,0
2025-05-27T14:47:01.686758+08:00,0
2025-05-27T14:47:02.713828+08:00,1
2025-05-27T14:47:03.753497+08:00,0
2025-05-27T14:47:04.804812+08:00,2
2025-05-27T14:47:05.819541+08:00,2
2025-05-27T14:47:06.851107+08:00,3
2025-05-27T14:47:07.870656+08:00,1
2025-05-27T14:47:08.903190+08:00,2
2025-05-27T14:47:09.909691+08:00,2
2025-05-27T14:47:10.926946+08:00,2
2025-05-27T14:47:11.960677+08:00,2
2025-05-27T14:47:12.981996+08:00,0
2025-05-27T14:47:13.989674+08:00,1
2025-05-27T14:47:14.992766+08:00,1
2025-05-27T14:47:15.999589+08:00,1
2025-05-27T14:47:17.034235+08:00,2
2025-05-27T14:47:18.071234+08:00,2
2025-05-27T14:47:19.107805+08:00,3
2025-05-27T14:47:20.126757+08:00,3
2025-05-27T14:47:21.152533+08:00,2
2025-05-27T14:47:22.172431+08:00,2
2025-05-27T14:47:23.182967+08:00,1
2025-05-27T14:47:24.192035+08:00,2
2025-05-27T14:47:25.239389+08:00,3
2025-05-27T14:47:26.258063+08:00,4
2025-05-27T14:47:27.291660+08:00,4
2025-05-27T14:47:28.348579+08:00,3
2025-05-27T14:47:29.386029+08:00,4
2025-05-27T14:47:30.410764+08:00,4
2025-05-27T14:47:31.443652+08:00,3
2025-05-27T14:47:32.461472+08:00,4
2025-05-27T14:47:33.500506+08:00,3
2025-05-27T14:47:34.540418+08:00,3
2025-05-27T14:47:35.581823+08:00,2
2025-05-27T14:47:36.613670+08:00,2
2025-05-27T14:47:37.637556+08:00,3
2025-05-27T14:47:38.667851+08:00,3
2025-05-27T14:47:39.712455+08:00,3
2025-05-27T14:47:40.717957+08:00,2
2025-05-27T14:47:41.748061+08:00,2
2025-05-27T14:47:42.792526+08:00,2
2025-05-27T14:47:43.822450+08:00,1
2025-05-27T14:47:44.833645+08:00,2
2025-05-27T14:47:45.843194+08:00,1
2025-05-27T14:47:46.843943+08:00,1
2025-05-27T14:47:47.887118+08:00,3
2025-05-27T14:47:48.920956+08:00,2
2025-05-27T14:47:49.939395+08:00,3
2025-05-27T14:47:50.965423+08:00,3
2025-05-27T14:47:52.011641+08:00,2
2025-05-27T14:47:53.030360+08:00,2
2025-05-27T14:47:54.058324+08:00,2
2025-05-27T14:47:55.114775+08:00,2
2025-05-27T14:47:56.137663+08:00,1
2025-05-27T14:47:57.160009+08:00,3
2025-05-27T14:47:58.195676+08:00,3
2025-05-27T14:47:59.256265+08:00,2
2025-05-27T14:48:00.276012+08:00,2
2025-05-27T14:48:01.308185+08:00,3
2025-05-27T14:48:02.322943+08:00,2
2025-05-27T14:48:03.340655+08:00,3
2025-05-27T14:48:04.382977+08:00,3
2025-05-27T14:48:05.392330+08:00,3
2025-05-27T14:48:06.413494+08:00,2
2025-05-27T14:48:07.450032+08:00,3
2025-05-27T14:48:08.489284+08:00,3
2025-05-27T14:48:09.521367+08:00,3
2025-05-27T14:48:10.538257+08:00,3
2025-05-27T14:48:11.599844+08:00,3
2025-05-27T14:48:12.600091+08:00,3
